{"chain_subprj_list":null,"creation_date":"2020-04-01","ligands":[],"major_issues":null,"mdlchain_butpl_map":{"L":"2x31.1.L"},"mod_engine":"PROMOD3","modified_template":false,"oligo":{"based_on":"prediction","state":"monomer","state_bu":"hetero-oligomer","state_tpl":"homo-hexamer","qs_prediction":"0.240","qs_conserved":"not conserved","chains_to_mdl":1,"res_to_mdl":336},"plip":{},"pred_lddt":0.7020000219,"qmean_values":{"global_scores":{"qmean4_norm_score":0.5440782516,"qmean4_z_score":-6.5164321012,"qmean6_norm_score":0.5238721896,"qmean6_z_score":-6.1475390658,"interaction_norm_score":-0.0130776505,"interaction_z_score":-2.3002574259,"cbeta_norm_score":-0.003603127,"cbeta_z_score":-2.6626967003,"packing_norm_score":-0.3389138005,"packing_z_score":-0.5550592662,"torsion_norm_score":0.275340858,"torsion_z_score":-5.9279409524,"ss_agreement_norm_score":0.3651388913,"ss_agreement_z_score":-2.4105707864,"acc_agreement_norm_score":0.5882352941,"acc_agreement_z_score":-1.0185223607,"avg_local_score":0.611897085,"avg_local_score_error":0.051},"local_scores":{"L":[null,null,null,null,null,null,null,null,null,null,null,0.1930492355,0.295385889,0.520177422,0.6070772464,0.5462169204,0.5468435164,0.682392929,0.579575309,0.6146857806,0.6295096385,0.5758515571,0.6781300808,0.6971563883,0.636638534,0.6705664913,0.7086709402,0.6542257253,0.683616972,0.7988061893,0.7988292428,0.7490124212,0.7524522185,0.7645434241,0.7788309836,0.7264759632,0.7644153246,0.7097375487,0.6143316389,0.6513738879,0.6493321781,0.6516642483,0.8103947912,0.7237267462,0.7490850554,0.6669149297,0.664835546,0.4391085728,0.4929406188,0.54229896,0.5902505324,0.6748664525,0.6772099153,0.6946170587,0.7078333169,0.7341206298,0.7494927378,0.6909622877,0.7754661246,0.768290256,0.7301121993,0.6604089354,0.6222633912,0.753251163,0.7341504216,0.5894848204,0.6239374089,0.5729839856,0.5691706003,0.5651615508,0.5627740707,0.5010788669,0.5599137704,0.6473888908,0.6897894124,0.6321938379,0.5887252104,0.5762067837,0.2889218908,0.2816585854,0.2562181214,0.2920027029,0.3167243258,0.2510519553,0.2567251017,0.2912762325,0.2850052995,0.3388478792,0.2989605728,0.2745987359,0.3521499363,0.3299562573,0.2755169035,0.2804588519,0.3558315133,0.2894576756,0.2582775176,0.3029344471,0.3963321859,0.441859522,0.5106233571,0.5519245686,0.5897289382,0.6823226934,0.6775668404,0.7529440163,0.7037234758,0.694177273,0.7822965202,0.6914056163,0.6714705715,0.7191899347,0.5840861211,0.6424764907,0.628455961,0.6378114846,0.7297698178,0.6601189525,0.7075483063,0.8011345899,0.7820171943,0.7840410471,0.6875701983,0.6537703392,0.6763116263,0.6481362032,0.6972362141,0.6901466878,0.7245842017,0.7134705245,0.740956134,0.5982114951,0.6667213747,0.5495627792,0.5976337415,0.713281657,0.6903045718,0.6962436952,0.7490525373,0.8143559969,0.807682853,0.6312031772,0.6398828897,0.675087848,0.729648138,0.7123559892,0.6533245092,0.7796898763,0.7396173616,0.7437717997,0.7165555666,0.7390695023,0.5640449888,0.6242902304,0.7042054328,0.6861063879,0.6249044265,0.6141481686,0.6100478062,0.705910038,0.7300312952,0.6990466905,0.6938791846,0.6951678112,0.7351563536,0.7061399772,0.7127585709,0.6691096963,0.6674269101,0.6666951922,0.6249474342,0.644507268,0.6429910024,0.5542066729,0.6717843396,0.713462246,0.7118032261,0.6246602716,0.5508608596,0.5285795998,0.5743616067,0.63777592,0.6949757174,0.6891391042,0.6806357445,0.7152901217,0.7688291922,0.8484613763,0.5995182785,0.6993236466,0.7345152683,0.7332600813,0.7625659163,0.7258093759,0.6659772843,0.6096828716,0.5453846172,0.4449075843,0.4093920321,0.5938580429,0.4634351398,0.3669262295,0.4158339096,0.6286001069,0.746917951,0.6393623077,0.5747805245,0.6083502175,0.7024260795,0.6195510762,0.7320722339,0.6907727798,0.7454090301,0.7003072733,0.772814152,0.6207180197,0.5778696811,0.5535106515,0.551442716,0.5625407217,0.4876241227,0.5521543335,0.6540319571,0.536009301,0.5875834878,0.5354430445,0.6081079117,0.560269391,0.5233215605,0.5824109114,0.5605001312,0.5466279454,0.4462772503,0.5704864843,0.4920603141,0.3932302296,0.4376801041,0.488621548,0.5405973842,0.4825816231,0.5846245695,0.6089739131,0.4582599204,0.6445919627,0.6725472669,0.6723512293,0.6677004185,0.6817613893,0.6927830507,0.6990574412,0.5865928843,0.6372106202,0.7484018265,0.6649233693,0.6736993132,0.7931971126,0.6757363825,0.7027660768,0.7455244926,0.7298849395,0.7401912899,0.6666459664,0.7087422057,0.6194204549,0.6590941018,0.6181453095,0.4856994645,0.536306214,0.4159338857,0.3765646258,0.4975933274,0.4572000205,0.5287556473,0.641171782,0.6680010944,0.717004185,0.6204843296,0.6397667257,0.7170585346,0.6615389928,0.6352151873,0.7271064518,0.7857189869,0.6459932503,0.5590878626,0.5223519195,0.6070091231,0.6797871596,0.6072354858,0.7115781927,0.6295737309,0.7487142331,0.7200155754,0.788000464,0.7849631513,0.734072684,0.7401924769,0.7174480479,0.8447925524,0.8238254451,0.7265003387,0.7962022413,0.7986696704,0.8389320264,0.7831897086,0.6383902371,0.7487059422,0.7926208934,0.6181047452,0.5725837596,0.6170344084,0.6792633023,0.6667230575,0.6871880969,0.706993721,0.6896756511,0.6413112203,0.6070428698,0.6624705303,0.7845527598,0.6452392835,0.6385218377,0.6613640762,0.684107274,0.6296861092,0.5431171298,0.5397408739,0.4970604977,0.544151392,0.4913593384,0.3337232038,0.2793694015,0.3408219896,0.3147965012,0.4591509752,0.4829794131,0.4942389666,0.4199249334,0.3451000227,0.3342063133,0.3944396527,0.2879768165,0.2571210489,0.3406874562,0.5153510568,0.4680620224,0.4823078493,0.5639729259,0.449433438,0.4720507763,0.5443819548,null,null,null,null,null,null]}},"residue_range":[{"chain_name":"L","residue_from":"12","residue_to":"351"}],"templates":["8ae16e47d6dd9c5a232e244ccd50817b5c188947"],"tpl_info":{"2x31.1.L":{"origin":"reference database","label_asym_id":"L","entity_type":"polymer","entity_id":"2"}}}